Aaron,Abdullah,Abraham,Ace,Adam,Adrian,Ahmed,Ajeet,Alan,Albert,Alberto,Alejandro,Alessandro,Alex,Alexander,Alexis,Alfonso,Alfred,Alfredo,Alijah,Allan,Allen,Alonso,Alonzo,Alvaro,Alvin,Amari,Ameer,Amir,Amos,Anders,Anderson,Andre,Andres,Andrew,Andy,Angel,Angelo,Anthony,Antoine,Anton,Antonio,Apollo,Archer,Archie,Ari,Arian,Ariel,Arjun,Arlo,Armando,Armani,Arnav,Aron,Arthur,Arturo,Aryan,Asa,Asher,Ashton,Asmodeus,Atticus,August,Augustine,Augustus,Austin,Austyn,Avery,Axel,Axton,Ayaan,Aydan,Ayden,Aydin,Bailey,Barrett,Beau,Beckett,Beckham,Ben,Benjamin,Bennett,Benson,Bentlee,Bentley,Bently,Benton,Biggles,Billy,Birdie,Blaine,Blaise,Blake,Blaze,Bo,Bobby,Bodhi,Boris,Boston,Bowen,Brad,Braden,Bradley,Brady,Bradyn,Braeden,Braiden,Branden,Brandon,Branson,Brantley,Braxton,Brayan,Brayden,Braydon,Braylen,Braylon,Brecken,Brendan,Brenden,Brendon,Brennan,Brennen,Brent,Brentley,Brenton,Brett,Brian,Brice,Bridger,Briggs,Brock,Broderick,Brodie,Brody,Brogan,Bronson,Brooks,Bruce,Bruno,Bryan,Bryant,Bryce,Brycen,Bryson,Bucket,Buffalo,Byron,Cade,Caden,Cael,Caiden,Cain,Cale,Caleb,Callan,Callen,Callum,Calvin,Camden,Camdyn,Cameron,Camilo,Camren,Camron,Camryn,Cannon,Carl,Carlos,Carmelo,Carp,Carson,Carter,Case,Casen,Casey,Cash,Cason,Cassius,Cayden,Cayson,Cedric,Cesar,Chace,Chad,Chaim,Chance,Chandler,Channing,Charles,Charlie,Chase,Chris,Christian,Christopher,Clark,Clay,Clayton,Clint,Clinton,Cody,Cohen,Colby,Cole,Coleman,Colin,Collin,Colt,Colten,Colton,Conner,Connor,Conor,Conrad,Cooper,Corbin,Corey,Cory,Craig,Crew,Crisp,Cristian,Cristopher,Crosby,Cruz,Cullen,Cumswallow,Curtis,Cyrus,Dakota,Dallas,Dalton,Damarion,Damian,Damien,Damion,Damon,Dane,Dangelo,Daniel,Danny,Dante,Darian,Dariel,Darien,Dario,Darius,Darling,Darnell,Darrell,Darren,Darryl,Darwin,Davian,David,Davin,Davion,Davis,Davon,Dawson,Dax,Daxton,Dayton,Deacon,Dean,Deandre,Deangelo,Declan,Deegan,Demarcus,Demetrius,Dennis,Denzel,Deon,Derek,Derick,Derrick,Deshawn,Desmond,Devan,Devin,Devon,Dexter,Dick,Diego,Dillon,Dingaling,Dingleberry,Doctor,Dominic,Dominick,Dominik,Dominique,Donald,Dongus,Donovan,Donte,Dorian,Douglas,Drake,Draven,Drew,Duncan,Dustin,Dwayne,Dylan,Ean,Easton,Eddie,Eden,Edgar,Edison,Eduardo,Edward,Edwin,Efrain,Eli,Elian,Elias,Elijah,Eliot,Eliseo,Elisha,Elliot,Elliott,Ellis,Emanuel,Emerson,Emery,Emiliano,Emilio,Emmanuel,Emmett,Emmitt,Emory,Enrique,Enzo,Eric,Erick,Erik,Ernest,Ernesto,Esteban,Ethan,Eugene,Evan,Everett,Ezekiel,Ezequiel,Ezra,Fabian,Fardy,Felipe,Felix,Fernando,Finley,Finn,Finnegan,Fisher,Fletcher,Fly,Flynn,Foster,Francis,Francisco,Franco,Frank,Frankie,Franklin,Freddie,Freddy,Frederick,Gabriel,Gael,Gage,Gaige,Gao,Garrett,Garth,Gary,Gauge,Gavin,Gavyn,Gay,Gaylord,Geese,George,Gerald,Gerardo,Giancarlo,Gianni,Gibson,Gideon,Gilbert,Gilberto,Giovani,Giovanni,Giovanny,Grady,Graeme,Graham,Grant,Graysen,Grayson,Gregory,Greyson,Griffin,Guillermo,Gunnar,Gunner,Gustavo,Guy,Hamza,Hank,Harley,Harold,Harper,Harrison,Harry,Harvey,Hassan,Hayden,Hayes,Heath,Hector,Hendrix,Henry,Hezekiah,Holden,Houston,Howard,Hudson,Hugh,Hugo,Hunter,Ian,Ibrahim,Ignacio,Iker,Immanuel,Isaac,Isai,Isaiah,Isaias,Ishaan,Isiah,Ismael,Israel,Issac,Ivan,Izaiah,Izayah,Jabari,Jace,Jack,Jackson,Jacob,Jacoby,Jaden,Jadiel,Jadon,Jaeden,Jael,Jagger,Jaiden,Jaidyn,Jaime,Jairo,Jake,Jakob,Jalen,Jamal,Jamar,Jamari,Jamarion,James,Jameson,Jamie,Jamir,Jamison,Jared,Jarrett,Jase,Jasiah,Jason,Jasper,Javier,Javion,Javon,Jax,Jaxen,Jaxon,Jaxson,Jaxton,Jay,Jayce,Jaycob,Jayden,Jaydon,Jaylen,Jaylin,Jaylon,Jayson,Jedidiah,Jefferson,Jeffery,Jeffrey,Jensen,Jenson,Jeremiah,Jeremy,Jermaine,Jerome,Jerry,Jesse,Jessie,Jett,Jimmy,Jionni,Joaquin,Joe,Joel,Joey,Johan,Johann,John,Johnathan,Johnathon,Johnny,Jon,Jonah,Jonas,Jonathan,Jonathon,Jordan,Jorden,Jordyn,Jorge,Jose,Joseph,Josh,Joshua,Josiah,Josue,Jovani,Jovanni,Joziah,Juan,Judah,Jude,Juelz,Julian,Julien,Julio,Julius,Junior,Justice,Justin,Justus,Kade,Kaden,Kaeden,Kael,Kai,Kaiden,Kale,Kaleb,Kamari,Kamden,Kameron,Kamron,Kamryn,Kane,Kareem,Karsen,Karson,Karter,Kase,Kasen,Kash,Kason,Kayden,Kaysen,Kayson,Keagan,Keaton,Keegan,Keenan,Keith,Kellan,Kellen,Kelvin,Kendall,Kendrick,Kenneth,Kenny,Kevin,Khalil,Kian,Kieran,Killian,King,Kingsley,Kingston,Knox,Kobe,Kody,Kohen,Kolby,Kole,Kolten,Kolton,Konner,Konnor,Korbin,Krish,Kristian,Kristopher,Kylan,Kyle,Kylen,Kyler,Kymani,Kyree,Kyrie,Kyson,Lamar,Lance,Landen,Landon,Landry,Landyn,Lane,Larry,Lawrence,Lawson,Layne,Layton,Leandro,Lee,Legend,Leland,Lennon,Lennox,Leo,Leon,Leonard,Leonardo,Leonel,Leonidas,Leroy,Levi,Lewis,Liam,Lincoln,Lionel,Logan,London,Lorenzo,Louie,Louis,Luca,Lucas,Lucca,Lucian,Luciano,Luis,Luka,Lukas,Luke,Lyric,Mack,Madden,Maddox,Maison,Major,Makai,Makhi,Malachi,Malakai,Malaki,Malcolm,Malik,Manuel,Marc,Marcel,Marcelo,Marco,Marcos,Marcus,Mario,Mark,Markus,Marlon,Marquis,Marshall,Martin,Marvin,Masen,Mason,Mateo,Mathew,Mathias,Matias,Matteo,Matthew,Matthias,Maurice,Mauricio,Maverick,Max,Maxim,Maximilian,Maximiliano,Maximo,Maximus,Maxton,Maxwell,Mayson,Mekhi,Melvin,Memphis,Messiah,Micah,Michael,Micheal,Miguel,Mike,Miles,Milo,Misael,Mitchell,Mohamed,Mohammad,Mohammed,Moises,Morgan,Myles,Nash,Nasir,Nathan,Nathanael,Nathaniel,Nehemiah,Neil,Nelson,Nern,Neymar,Nicholas,Nickolas,Nico,Nicolas,Niko,Nikolai,Nikolas,Nixon,Noah,Noe,Noel,Nolan,Oakley,Odin,Olan,Oliver,Ollie,Omar,Omari,Orion,Orlando,Oscar,Osvaldo,Otto,Owen,Pablo,Parker,Patrick,Paul,Paxton,Payton,Pedro,Percy,Peter,Peyton,Philip,Phillip,Phoenix,Pierce,Porter,Preston,Prince,Princeton,Queen,Quentin,Quincy,Quinn,Quintin,Quinton,Rafael,Raiden,Ramiro,Ramon,Randall,Randy,Raphael,Rashad,Raul,Ray,Rayan,Rayden,Raylan,Raymond,Reagan,Reece,Reed,Reese,Reginald,Reid,Remington,Remy,Rene,Reuben,Rex,Rey,Rhett,Rhys,Ricardo,Richard,Ricky,Riley,River,Robert,Roberto,Rocco,Roderick,Rodney,Rodolfo,Rodrigo,Rogelio,Roger,Rohan,Roland,Rolando,Roman,Romeo,Ronald,Ronan,Ronin,Ronnie,Rooster,Rory,Ross,Rowan,Rowen,Roy,Royce,Ruben,Rudy,Russell,Ryan,Ryder,Ryker,Rylan,Ryland,Rylee,Rylen,Sage,Sam,Samson,Samuel,Saul,Sawyer,Scott,Seamus,Sean,Sebastian,Semaj,Sergei,Sergio,Seth,Shane,Shaun,Shawn,Sheldon,Sidney,Silas,Simeon,Simon,Sincere,Skylar,Skyler,Solomon,Sonny,Soren,Spencer,Stanley,Stefan,Stephen,Sterling,Steve,Steven,Sullivan,Sylas,Talon,Tanner,Tate,Tatum,Taylor,Teagan,Terrance,Terrell,Terrence,Terry,Thaddeus,Theo,Theodore,Thiago,Thomas,Timothy,Titan,Titus,Tobias,Toby,Todd,Tom,Tomas,Tommy,Tony,Toreador,Trace,Travis,Trent,Trenton,Trevon,Trevor,Trey,Tripp,Tristan,Tristen,Tristian,Tristin,Triston,Troy,Truman,Trystan,Tucker,Turner,Ty,Tyler,Tyree,Tyrell,Tyrone,Tyson,Ulises,Uriah,Uriel,Urijah,Valentin,Valentino,Van,Vance,Vaughn,Vicente,Victor,Vihaan,Vincent,Vincenzo,Vorobey,Wade,Walker,Walter,Warren,Waylon,Wayne,Wesley,Westin,Weston,Will,William,Willie,Wilson,Winston,Wyatt,Wyoming,Xander,Xavi,Xavier,Xzavier,Yael,Yahir,Yandel,Yazan,Yehuda,Yosef,Yousef,Yuri,Yusuf,Zachariah,Zachary,Zackary,Zaid,Zaiden,Zain,Zaire,Zak,Zander,Zane,Zavier,Zayden,Zayne,Zechariah,Zeke,Zion,Purts,Huck