Abbott,Acevedo,Acosta,Adams,Adkins,Aguilar,Aguirre,Alford,Allison,Alston,Andrews,Armstrong,Arnold,Ashley,Atkins,Atkinson,Avila,Ayala,Ayers,Baird,Baker,Baldwin,Ball,Ballard,Banks,Barber,Barker,Barlow,Barnes,Barnett,Barr,Barrera,Barron,Barry,Bartlett,Barton,Bass,Bates,Battle,Bauer,Baxter,Beach,Bean,Beard,Beasley,Beck,Becker,Bell,Bender,Berg,Berger,Bernard,Berry,Best,Bird,Bishop,Black,Blackburn,Blackwell,Blair,Blanchard,Blankenship,Blevins,Bolton,Bond,Bonner,Booker,Boone,Booth,Bowers,Bowman,Boyd,Boyer,Boyle,Bradford,Bradshaw,Branch,Bray,Brewer,Bridges,Bright,Britt,Brown,Browning,Buchanan,Buck,Buckley,Buckner,Bullock,Burch,Burgess,Burke,Burks,Burnett,Burns,Burris,Burt,Burton,Bush,Butler,Byers,Byrd,Byrne,Cabrera,Calderon,Caldwell,Calhoun,Callahan,Camacho,Campbell,Campos,Cantrell,Cantu,Cardenas,Carey,Carlson,Carney,Carpenter,Carr,Carrillo,Carroll,Carver,Castaneda,Castillo,Castro,Cervantes,Chambers,Chan,Chaney,Chang,Chapman,Chavez,Chen,Cherry,Christensen,Church,Clarke,Clements,Clemons,Cleveland,Cline,Cobb,Cochran,Coffey,Collier,Collins,Colon,Combs,Compton,Conley,Contreras,Conway,Cook,Cooke,Cooley,Copeland,Cortez,Cote,Cotton,Cox,Craft,Crane,Crawford,Cross,Cummings,Cunningham,Curry,Dale,Daniels,Daugherty,Davenport,Davidson,Davies,Day,Decker,Dejesus,Delacruz,Delaney,Deleon,Delgado,Diaz,Dickerson,Dickson,Dillard,Dixon,Dodson,Dominguez,Donaldson,Dorsey,Dotson,Downs,Doyle,Dudley,Duffy,Duke,Dunlap,Dunn,Duran,Durham,Dyer,Eaton,Edgeworth,Edwards,Ellison,England,English,Erickson,Espinoza,Estes,Estrada,Evans,Ewing,Farley,Farmer,Farrell,Faulkner,Ferguson,Fernandez,Ferrell,Fields,Figueroa,Finch,Fischer,Fitzgerald,Fitzpatrick,Fleming,Flores,Flowers,Floyd,Foley,Forbes,Ford,Foreman,Fowler,Fox,Franks,Fraser,Frazier,Freeman,French,Frost,Fry,Frye,Fuentes,Fuller,Fulton,Gaines,Gallagher,Gallegos,Galloway,Gamble,Garcia,Gardner,Garner,Garrison,Garza,Gates,Gentry,Gibbs,Giles,Gill,Gillespie,Gilliam,Gilmore,Glass,Glenn,Glover,Goff,Golden,Gomez,Gonzales,Gonzalez,Good,Goodman,Goodwin,Gordon,Gould,Graves,Gray,Green,Greene,Greer,Griffith,Griffiths,Grimes,Gross,Guerra,Guerrero,Guthrie,Gutierrez,Guzman,Hahn,Hale,Haley,Hall,Hamilton,Hammond,Hampton,Hancock,Haney,Hansen,Hanson,Hardin,Harding,Hardy,Harmon,Harrell,Harrington,Harris,Hart,Hartman,Hatfield,Hawkins,Haynes,Hays,Head,Hebert,Henderson,Hendricks,Hensley,Henson,Herman,Hernandez,Herrera,Herring,Hess,Hester,Hewitt,Hickman,Hicks,Higgins,Hill,Hines,Hinton,Hobbs,Hodge,Hodges,Hoffman,Hogan,Holcomb,Holder,Holland,Holloway,Holman,Holmes,Holt,Hood,Hooper,Hoover,Hopkins,Hopper,Horn,Horne,Horton,Houghton,House,Howe,Howell,Hubbard,Huber,Huff,Huffman,Hughes,Hull,Humphrey,Hunt,Hurley,Hurst,Hussain,Hutchinson,Hyde,Ingram,Irwin,Jacobs,Jacobson,Jarvis,Jenkins,Jennings,Jimenez,Johns,Johnson,Johnston,Jones,Joyce,Joyner,Juarez,Kaufman,Kaur,Keller,Kelley,Kelly,Kemp,Kennedy,Kent,Kerr,Key,Khan,Kidd,Kim,Kinney,Kirby,Kirk,Kirkland,Klein,Kline,Knapp,Knight,Knowles,Koch,Kramer,Lamb,Lambert,Lancaster,Lang,Langley,Lara,Larsen,Larson,Leach,Leblanc,Lester,Levine,Levy,Lindsay,Lindsey,Little,Livingston,Lloyd,Long,Lopez,Lott,Love,Lowe,Lowery,Luna,Lynch,Lynn,Lyons,Macdonald,Macias,Maldonado,Malone,Mann,Manning,Marks,Marquez,Marsh,Martinez,Massey,Mathews,Mathis,Matthews,May,Mayer,Maynard,Mayo,Mays,McBride,McCall,McCarthy,McCarty,McClain,McClure,McConnell,McCormick,McCoy,McCray,McCullough,McDaniel,McDonald,McDowell,McFadden,McFarland,McFuckton,McGee,McGowan,McGuire,Macintosh,McIntyre,McKay,McKee,McKenzie,McKinney,McKnight,McLaughlin,McLean,McLeod,McMahon,McMillan,McNeil,McPherson,Meadows,Medina,Mejia,Melendez,Melton,Mendez,Mendoza,Mercado,Mercer,Merrill,Merritt,Meyer,Meyers,Middleton,Miller,Mills,Miranda,Molina,Monroe,Montgomery,Montoya,Moody,Moon,Mooney,Moore,Morales,Moran,Moreno,Morin,Morris,Morrison,Morrow,Morse,Morton,Moses,Mosley,Moss,Mueller,Mullen,Mullins,Munoz,Murphy,Murray,Myers,Navarro,Neal,Newman,Newton,Nguyen,Nichols,Nicholson,Nielsen,Nieves,Noble,Norman,Norris,Norton,Nunez,O'Brien,O'Connor,O'Donnell,O'Neal,O'Neil,O'Neill,Ochoa,Odom,Olsen,Olson,Orr,Ortega,Ortiz,Osborn,Osborne,Owens,Pace,Pacheco,Padilla,Page,Palmer,Pancake,Park,Parks,Parrish,Parry,Parsons,Pate,Patel,Patterson,Patton,Payne,Pearce,Pearson,Peck,Pena,Pennington,Perez,Perkins,Perry,Peters,Petersen,Peterson,Petty,Phelps,Phillips,Pickett,Pittman,Pitts,Pollard,Poole,Pope,Potter,Potts,Powell,Powers,Pratt,Price,Pruitt,Puckett,Pugh,Ramirez,Ramos,Ramsey,Randolph,Rasmussen,Ratliff,Read,Rees,Reeves,Reilly,Reyes,Reynolds,Rhodes,Rice,Rich,Richards,Richardson,Richmond,Riddle,Riggs,Rios,Rivas,Rivera,Rivers,Roach,Robbins,Roberson,Roberts,Robertson,Robinson,Robles,Rodgers,Rodriguez,Rodriquez,Rogers,Rojas,Rollins,Romero,Rosa,Rosales,Rosario,Rose,Roth,Rowe,Rowland,Ruiz,Rush,Russo,Rutledge,Salas,Salazar,Salinas,Sampson,Sanchez,Sanders,Sandoval,Sanford,Santana,Santiago,Santos,Sargent,Saunders,Savage,Schmidt,Schneider,Schroeder,Schultz,Schwartz,Sears,Seether,Sellers,Serrano,Sexton,Shaffer,Shannon,Sharp,Sharpe,Shaw,Shelton,Shepard,Shepherd,Sheppard,Sherman,Shields,Short,Silva,Simmons,Simpson,Sims,Singleton,Skinner,Slater,Sloan,Small,Smith,Snider,Snow,Snyder,Solis,Sosa,Soto,Sparks,Spears,Spence,Stafford,Stanton,Stark,Steele,Stein,Stephens,Stephenson,Stevens,Stevenson,Stewart,Stokes,Stone,Stout,Strickland,Strong,Stuart,Suarez,Summers,Sutton,Swanson,Sweeney,Sweet,Sykes,Talley,Thompson,Thomson,Thornton,Tillman,Torres,Townsend,Tran,Trevino,Trujillo,Underwood,Valencia,Valentine,Valenzuela,Vargas,Vasquez,Vaughan,Vazquez,Vega,Vinson,Wagner,Wall,Wallace,Waller,Walls,Walsh,Walters,Walton,Ward,Ware,Warner,Washington,Waters,Watkins,Watson,Watts,Weaver,Webb,Weber,Webster,Weeks,Weiss,Welch,Wells,Wellman,West,Wheeler,Whitaker,White,Whitehead,Whitfield,Whitley,Whitney,Wiggins,Wilcox,Wilder,Wiley,Wilkerson,Wilkins,Wilkinson,Williams,Williamson,Willis,Winters,Wise,Witt,Wolf,Wolfe,Wong,Wood,Woodard,Woods,Woodward,Wooten,Workman,Wright,Wynn,Yang,Yates,York,Young,Zamora,Zimmerman,Cumulatives,Huckley